ISO3,country_name,region,income_group,population,gdp_ppp,total_ghg,co2_fossil,ghg_per_capita,re_share_elec,ndgain_rank,ndgain_vuln,ndgain_ready,data_year,source_primary
AND,Andorra,Europe,,80856,3785065525,0.4546792805194855,0.41809800267219543,6.5166544914245605,,,,,2024,Supabase
TTO,Trinidad and Tobago,Americas,,1367510,25036993423,41.88539123535156,35.5359001159668,27.987285614013672,0.105,,,,2024,Supabase
SRB,Serbia,Europe,,6623183,81343999280,47.435855865478516,42.907318115234375,6.403093338012695,34.695,,,,2024,Supabase
GBR,United Kingdom,Europe,,68492000,3420796653789,329.24591064453125,307.8261413574219,5.628915309906006,47.328,,0.298,0.695,2024,Supabase
RUS,Russia,Europe,,143826130,2036489935386,2181.84814453125,1733.1346435546875,18.378408432006836,17.747,,0.37,0.4,2024,Supabase
HKG,Hong Kong,Asia,,7536100,381043026174,38.51189041137695,32.957054138183594,5.181136608123779,0.956,,,,2024,Supabase
ESH,Western Sahara,Africa,,600904,,,,,0,,,,2024,Supabase
URY,Uruguay,Americas,,3388081,77991666838,12.695549011230469,7.62693977355957,11.774551391601562,92.003,,,,2024,Supabase
BRB,Barbados,Americas,,282336,7223250000,1.465204119682312,1.3167330026626587,5.293061256408691,8.182,,,,2024,Supabase
PSE,Palestine,Asia,,5165775,17847900000,,4.7553582191467285,,33.333,,,,2024,Supabase
MEX,Mexico,Americas,,129739759,1798317581487,548.3052978515625,458.25384521484375,4.882774353027344,21.499,,0.395,0.41,2024,Supabase
MWI,Malawi,Africa,,21104482,13363669673,6.018246650695801,1.8525680303573608,1.2196598052978516,95.628,,,,2024,Supabase
ATA,Antarctica,Antarctic,,1300,,,0,,,,,,2024,Supabase
NCL,New Caledonia,Oceania,,289870,9769167530,,5.068005084991455,16.7820057267051,26.214,,,,2024,Supabase
SJM,Svalbard and Jan Mayen,Europe,,2530,,,,,,,,,2024,Supabase
NFK,Norfolk Island,Oceania,,2188,,,,,,,,,2024,Supabase
CXR,Christmas Island,Oceania,,1692,,,0,,,,,,2024,Supabase
MNG,Mongolia,Asia,,3481145,20325121394,72.27633666992188,44.18366241455078,29.963424682617188,9.608,,,,2024,Supabase
LVA,Latvia,Europe,,1883710,42779550937,8.075411796569824,6.589882850646973,7.382869243621826,77.708,,,,2024,Supabase
BRN,Brunei,Asia,,458949,15095084656,14.750836372375488,12.502692222595215,33.95487976074219,0,,,,2024,Supabase
UKR,Ukraine,Europe,,37732836,193931613894,189.36074829101562,139.32537841796875,5.93601655960083,19.733,,,,2024,Supabase
PRK,North Korea,Asia,,26418204,,79.09113311767578,62.02499771118164,3.434479236602783,63.089,,,,2024,Supabase
FIN,Finland,Europe,,5583911,295021982463,37.92491149902344,31.798999786376953,15.680033683776855,51.824,,,,2024,Supabase
AIA,Anguilla,Americas,,16010,,,0.14260700345039368,,,,,,2024,Supabase
AZE,Azerbaijan,Asia,,10153958,72428470588,51.79734420776367,42.74819564819336,5.8549299240112305,6.531,,,,2024,Supabase
CYM,Cayman Islands,Americas,,73038,7241244269,,,4.92072619732194,2.857,,,,2024,Supabase
UZB,Uzbekistan,Asia,,35652307,102641879249,151.15200805664062,122.87201690673828,5.353109359741211,9.246,,,,2024,Supabase
IRL,Ireland,Europe,,5311538,567372737459,36.10594177246094,33.56793975830078,11.646695137023926,44.962,,,,2024,Supabase
JEY,Jersey,Europe,,103267,,,,,,,,,2024,Supabase
RWA,Rwanda,Africa,,13954471,14331722703,5.376999855041504,2.01601505279541,0.6966643929481506,56.604,,,,2024,Supabase
BIH,Bosnia and Herzegovina,Europe,,3185073,27592361498,25.08536148071289,19.881309509277344,8.504802703857422,39.182,,,,2024,Supabase
POL,Poland,Europe,,36687353,812451193396,321.8818359375,283.24346923828125,8.8370361328125,27.236,,,,2024,Supabase
PRT,Portugal,Europe,,10578174,292323800949,44.259071350097656,37.622039794921875,5.362008094787598,74.497,,,,2024,Supabase
HTI,Haiti,Americas,,11637398,19850585722,8.927886962890625,2.864751100540161,1.0526723861694336,18.812,,,,2024,Supabase
IRN,Iran,Asia,,90608707,457510482317,949.4039916992188,789.6758422851562,11.049864768981934,6.47,,,,2024,Supabase
ATF,French Southern and Antarctic Lands,Antarctic,,400,,,,,,,,,2024,Supabase
ETH,Ethiopia,Africa,,128691692,135874093202,57.64994430541992,17.570661544799805,1.876068353652954,100,,,,2024,Supabase
KAZ,Kazakhstan,Asia,,20330104,261840101060,322.53753662109375,286.1748962402344,18.31309700012207,12.747,,,,2024,Supabase
MLI,Mali,Africa,,23769127,24813860599,10.69021224975586,6.743015766143799,2.6955201625823975,42.661,,,,2024,Supabase
NIC,Nicaragua,Americas,,6823613,17805842284,7.632867813110352,5.4282989501953125,5.505866527557373,64.531,,,,2024,Supabase
EST,Estonia,Europe,,1370286,41470344395,10.009852409362793,8.744256973266602,9.491191864013672,49.744,,,,2024,Supabase
TUN,Tunisia,Africa,,12200431,48205328303,38.81555938720703,31.737823486328125,3.5194883346557617,3.946,,,,2024,Supabase
MAF,Saint Martin,Americas,,27515,596205411,,,,,,,,2024,Supabase
CMR,Cameroon,Africa,,28372687,48814501547,23.736526489257812,9.694864273071289,2.280221939086914,63.866,,,,2024,Supabase
FSM,Micronesia,Oceania,,112630,441469400,0.14951299130916595,0.14403699338436127,1.7788887023925781,,,,,2024,Supabase
SXM,Sint Maarten,Americas,,42749,1686525953,,0.6910949945449829,,,,,,2024,Supabase
CYP,Cyprus,Europe,,1344976,49257985973,9.415083885192871,7.188088893890381,6.930797576904297,20.151,,,,2024,Supabase
MAR,Morocco,Africa,,37712505,143825163643,92.35137939453125,68.96117401123047,2.7036495208740234,21.715,,,,2024,Supabase
PCN,Pitcairn Islands,Oceania,,35,,,,,,,,,2024,Supabase
CUW,Curaçao,Americas,,154654,3281419347,,2.204922914505005,,,,,,2024,Supabase
ABW,Aruba,Americas,,107359,3834729616,0.9169740676879883,0.8865839838981628,8.509621620178223,17,,,,2024,Supabase
ESP,Spain,Europe,,48352528,1619481980720,239.57766723632812,215.46075439453125,5.644022464752197,51.64,,,,2024,Supabase
GAB,Gabon,Africa,,2484789,19388372071,20.440685272216797,5.320943832397461,11.18725872039795,47.962,,,,2024,Supabase
ALA,Åland Islands,Europe,,30654,,,,,,,,,2024,Supabase
DNK,Denmark,Europe,,5946952,404651706118,33.77995300292969,28.83118438720703,7.8415350914001465,87.007,,,,2024,Supabase
MTQ,Martinique,Americas,,349925,,,,,26.174,,,,2024,Supabase
ATG,Antigua and Barbuda,Americas,,93316,2005785185,0.6932476758956909,0.6405329704284668,7.494749546051025,5.556,,,,2024,Supabase
SWZ,Eswatini,Africa,,1230506,4621191262,1.7443746328353882,1.0296130180358887,1.4176064729690552,96.429,,,,2024,Supabase
TWN,Taiwan,Asia,,23317031,,284.25323486328125,267.1268005371094,12.36015510559082,8.868,,,,2024,Supabase
VUT,Vanuatu,Oceania,,320409,1115861056,0.30260875821113586,0.18845799565315247,1.3408927917480469,25,,,,2024,Supabase
COK,Cook Islands,Oceania,,15040,,0.08413849771022797,0.07658100128173828,5.971723556518555,50,,,,2024,Supabase
CCK,Cocos (Keeling) Islands,Oceania,,593,,,,,,,,,2024,Supabase
CPV,Cape Verde,Africa,,522331,2504525549,0.6955440044403076,0.5714929699897766,1.5563229322433472,28,,,,2024,Supabase
BLR,Belarus,Europe,,9178298,72478760370,66.04859924316406,55.73606491088867,10.414688110351562,3.075,,,,2024,Supabase
CZE,Czechia,Europe,,10864042,345059295660,95.89529418945312,83.23224639892578,8.607144355773926,14.708,,,,2024,Supabase
PER,Peru,Americas,,33845617,266958720838,79.22087860107422,66.06475067138672,4.356317520141602,53.063,,,,2024,Supabase
TLS,Timor-Leste,Asia,,1384286,2079767170,0.939559280872345,0.6367170214653015,3.5160064697265625,0,,,,2024,Supabase
NAM,Namibia,Africa,,2963095,12408271449,5.076597213745117,3.4426639080047607,5.76864767074585,97.884,,,,2024,Supabase
TKL,Tokelau,Oceania,,2608,,,,,,,,,2024,Supabase
COD,DR Congo,Africa,,105789731,69843655425,45.070308685302734,5.8810858726501465,6.605055332183838,100,,,,2024,Supabase
LCA,Saint Lucia,Americas,,179285,2430166667,0.5632486939430237,0.5170459747314453,3.064155101776123,2.5,,,,2024,Supabase
SUR,Suriname,Americas,,628886,3472693412,3.3996422290802,2.868587017059326,9.022785186767578,42.991,,,,2024,Supabase
BDI,Burundi,Africa,,13689450,3430949250,3.9643774032592773,0.9007160067558289,0.6785079836845398,69.231,,,,2024,Supabase
GEO,Georgia,Asia,,3715483,30777833601,14.924304008483887,11.922203063964844,3.3152554035186768,76.042,,,,2024,Supabase
GHA,Ghana,Africa,,33787914,80547146878,34.253570556640625,20.135648727416992,1.5122027397155762,38.534,,,,2024,Supabase
IOT,British Indian Ocean Territory,Africa,,,,,,,,,,,2024,Supabase
EGY,Egypt,Africa,,114535772,395926075163,297.57086181640625,250.23019409179688,2.819051742553711,11.266,,0.438,0.345,2024,Supabase
GUF,French Guiana,Americas,,292354,,,,,71.429,,,,2024,Supabase
MHL,Marshall Islands,Oceania,,38827,263761322,,0.1477220058441162,0.00257552733922271,,,,,2024,Supabase
GNB,Guinea-Bissau,Africa,,2153339,2127688181,1.2280656099319458,0.3293420076370239,3.673077344894409,0,,,,2024,Supabase
FJI,Fiji,Oceania,,924145,5476673518,1.9225599765777588,1.3820960521697998,1.3830337524414062,63.478,,,,2024,Supabase
ZMB,Zambia,Africa,,20723965,27577956471,21.136472702026367,11.830726623535156,4.767905235290527,89.003,,,,2024,Supabase
ISL,Iceland,Europe,,385663,31677891897,3.8339505195617676,3.508234977722168,12.322463035583496,100,,,,2024,Supabase
BMU,Bermuda,Americas,,64698,8579242000,,0.529653012752533,3.99239543726236,1.562,,,,2024,Supabase
PLW,Palau,Oceania,,17727,276733063,0.2793791592121124,0.21620899438858032,15.857203483581543,,,,,2024,Supabase
SDN,Sudan,Africa,,50042791,39898288919,36.8172607421875,17.71552276611328,2.664956569671631,70.149,,,,2024,Supabase
AUS,Australia,Oceania,,26659922,1734451264656,459.3740234375,384.3160705566406,23.1173038482666,34.876,,0.318,0.675,2024,Supabase
KHM,Cambodia,Asia,,17423880,42335646896,25.700822830200195,21.411502838134766,5.246326446533203,44.517,,,,2024,Supabase
NZL,New Zealand,Oceania,,5200000,255194972673,38.39171600341797,31.559814453125,15.895441055297852,87.642,,,,2024,Supabase
PHL,Philippines,Asia,,114891199,437055627244,193.0995635986328,160.98046875,2.5304996967315674,21.942,,,,2024,Supabase
BFA,Burkina Faso,Africa,,23025776,20112614449,12.886021614074707,6.308441162109375,2.5363399982452393,17.341,,,,2024,Supabase
FRO,Faroe Islands,Europe,,54414,3943131022,,0.7136589884757996,0.0385930091520565,45.833,,,,2024,Supabase
SLE,Sierra Leone,Africa,,8460512,6415852767,4.1824541091918945,1.3804349899291992,1.961625576019287,95.238,,,,2024,Supabase
GRD,Grenada,Americas,,117081,1336418519,0.4047618806362152,0.36297300457954407,3.3098695278167725,0,,,,2024,Supabase
BOL,Bolivia,Americas,,12244159,52340206946,29.338991165161133,24.620519638061523,12.439516067504883,35.008,,,,2024,Supabase
CHE,Switzerland,Europe,,8888822,894424821645,34.42124938964844,31.97748565673828,4.502466201782227,62.705,,,,2024,Supabase
VCT,Saint Vincent and the Grenadines,Americas,,101323,1072237037,0.2912999987602234,0.24619899690151215,2.677035093307495,13.333,,,,2024,Supabase
ECU,Ecuador,Americas,,17980083,121147057000,59.11298751831055,44.59959030151367,3.4583709239959717,76.779,,,,2024,Supabase
SYC,Seychelles,Africa,,119773,2187379755,0.7434723973274231,0.6413090229034424,5.857896327972412,14.286,,,,2024,Supabase
ZAF,South Africa,Africa,,63212384,381440724491,507.2519836425781,436.60418701171875,8.564516067504883,12.522,,0.41,0.395,2024,Supabase
IND,India,Asia,,1438069596,3638489096034,3431.96826171875,3062.75634765625,2.8659417629241943,19.506,,0.48,0.37,2024,Supabase
LBR,Liberia,Africa,,5493031,4390000000,3.4209675788879395,0.8340010046958923,4.466468811035156,33.333,,,,2024,Supabase
LTU,Lithuania,Europe,,2871585,79789877416,15.3770170211792,12.507402420043945,7.761897563934326,83.493,,,,2024,Supabase
SGP,Singapore,Asia,,5917648,505439514078,58.1649169921875,51.0676155090332,10.071054458618164,4.536,,,,2024,Supabase
PRI,Puerto Rico,Americas,,3203792,118478754281,,,4.56646374046755,5.377,,,,2024,Supabase
BLZ,Belize,Americas,,411106,3052362650,1.117652177810669,0.7664510011672974,20.604040145874023,88.889,,,,2024,Supabase
NLD,Netherlands,Europe,,17877117,1135475867551,126.87810516357422,117.0163803100586,8.295883178710938,47.301,,,,2024,Supabase
ERI,Eritrea,Africa,,3470390,2389993945,2.248508930206299,0.7310349941253662,2.966407060623169,11.364,,,,2024,Supabase
MSR,Montserrat,Americas,,4386,,,0.025596000254154205,,0,,,,2024,Supabase
REU,Réunion,Africa,,896175,,,,,34.125,,,,2024,Supabase
SGS,South Georgia,Antarctic,,,,,,,,,,,2024,Supabase
YEM,Yemen,Asia,,39390799,24969323380,17.769941329956055,10.141168594360352,0.676114559173584,16.938,,,,2024,Supabase
NOR,Norway,Europe,,5519601,482949731777,46.03498840332031,38.86899948120117,10.488692283630371,98.469,,,,2024,Supabase
TZA,Tanzania,Africa,,66617606,81540096121,39.4449348449707,20.309608459472656,2.6824686527252197,25.501,,,,2024,Supabase
SVN,Slovenia,Europe,,2120461,69255264238,13.645943641662598,12.012164115905762,8.378463745117188,40.514,,,,2024,Supabase
OMN,Oman,Asia,,5049269,106174708037,111.15667724609375,79.81063842773438,22.434629440307617,4.044,,,,2024,Supabase
MOZ,Mozambique,Africa,,33635160,20921079533,26.766361236572266,9.093456268310547,1.7887020111083984,83.691,,,,2024,Supabase
LBY,Libya,Africa,,7305659,44027664915,91.21075439453125,64.21908569335938,12.849150657653809,0.028,,,,2024,Supabase
TCD,Chad,Africa,,19319064,18340233749,9.258176803588867,2.8483939170837402,6.290970802307129,5.128,,,,2024,Supabase
GUY,Guyana,Americas,,826353,16918503597,6.531551837921143,4.378932952880859,15.472132682800293,6.716,,,,2024,Supabase
KGZ,Kyrgyzstan,Asia,,7099750,15180842369,14.887024879455566,11.144427299499512,3.0994791984558105,85.652,,,,2024,Supabase
DJI,Djibouti,Africa,,1152944,3898447007,1.295340657234192,0.5575590133666992,1.8140403032302856,35,,,,2024,Supabase
MNP,Northern Mariana Islands,Oceania,,45143,1073760319,,,0.00221518286334537,,,,,2024,Supabase
TGO,Togo,Africa,,9304337,9816236303,7.026119709014893,2.6710128784179688,1.2871190309524536,20.652,,,,2024,Supabase
LKA,Sri Lanka,Asia,,22037000,83716142582,25.622825622558594,19.166019439697266,1.7856578826904297,47.624,,,,2024,Supabase
COM,Comoros,Africa,,850387,1326836543,0.8957204222679138,0.5421299934387207,1.2003711462020874,0,,,,2024,Supabase
CUB,Cuba,Americas,,11019931,105849513420,29.651277542114258,23.47027015686035,3.498295307159424,4.709,,,,2024,Supabase
GUM,Guam,Oceania,,166506,6965470759,,,0.00180173687434687,7.778,,,,2024,Supabase
ARG,Argentina,Americas,,45538401,649461687959,205.7686767578125,178.40699768066406,9.379297256469727,34.098,,,,2024,Supabase
WLF,Wallis and Futuna,Oceania,,11620,,,0.029174000024795532,,,,,,2024,Supabase
BTN,Bhutan,Asia,,786385,3012896789,2.4895401000976562,1.629647970199585,10.124429702758789,100,,,,2024,Supabase
LBN,Lebanon,Asia,,5773493,20078620357,19.732717514038086,15.558804512023926,3.5472288131713867,47.345,,,,2024,Supabase
HMD,Heard Island and McDonald Islands,Antarctic,,,,,,,,,,,2024,Supabase
LSO,Lesotho,Africa,,2311472,2117962445,3.353863000869751,2.4936330318450928,2.7067477703094482,100,,,,2024,Supabase
SOM,Somalia,Africa,,18358615,10958000000,9.874446868896484,1.2964190244674683,2.5721497535705566,19.048,,,,2024,Supabase
DMA,Dominica,Americas,,66510,659311111,0.19780567288398743,0.1645369976758957,2.9545130729675293,13.333,,,,2024,Supabase
HUN,Hungary,Europe,,9592186,213240316635,48.03031539916992,40.34386444091797,5.022878170013428,26.351,,,,2024,Supabase
LUX,Luxembourg,Europe,,666430,88788881539,7.0373921394348145,6.840733051300049,11.68285083770752,89.209,,,,2024,Supabase
SMR,San Marino,Europe,,33860,2027527228,,,,,,,,2024,Supabase
AFG,Afghanistan,Asia,,41454761,17152234637,15.366217613220215,10.516319274902344,0.9329470992088318,86.598,,,,2024,Supabase
MRT,Mauritania,Africa,,5022441,10726838461,6.966388702392578,5.036898136138916,3.58858585357666,27.439,,,,2024,Supabase
DZA,Algeria,Africa,,46164219,247923887215,265.2669677734375,202.84664916992188,6.042624473571777,0.945,,,,2024,Supabase
GLP,Guadeloupe,Americas,,378561,,,,,34.756,,,,2024,Supabase
HRV,Croatia,Europe,,3859686,85624153964,21.553848266601562,18.46759796142578,5.784372806549072,69.762,,,,2024,Supabase
BGR,Bulgaria,Europe,,6446596,102199231385,42.0294075012207,34.500946044921875,6.375943183898926,25.131,,,,2024,Supabase
NIU,Niue,Oceania,,1681,,0.007399116642773151,0.0072929998859763145,4.606970310211182,,,,,2024,Supabase
IDN,Indonesia,Asia,,281190067,1371169301564,1093.8724365234375,762.3575439453125,6.902261257171631,18.597,,0.455,0.385,2024,Supabase
BEL,Belgium,Europe,,11779946,651330595110,95.67281341552734,84.70336151123047,9.138999938964844,33.443,,,,2024,Supabase
NRU,Nauru,Oceania,,11875,151435610,0.05971314385533333,0.05870499834418297,5.143466949462891,0,,,,2024,Supabase
PYF,French Polynesia,Oceania,,281118,6137447783,,0.8824999928474426,3.30181631912578,33.803,,,,2024,Supabase
IRQ,Iraq,Asia,,45074049,268881051644,387.1495361328125,227.90969848632812,8.790264129638672,1.171,,,,2024,Supabase
MDG,Madagascar,Africa,,31195932,15869945478,12.637142181396484,4.446771144866943,1.943827509880066,35.227,,,,2024,Supabase
VNM,Vietnam,Asia,,100352192,433857681378,399.98358154296875,347.3987731933594,5.621842384338379,42.982,,,,2024,Supabase
MUS,Mauritius,Africa,,1248647,14072212290,5.226425647735596,4.587621212005615,4.209921360015869,17.431,,,,2024,Supabase
ASM,American Samoa,Oceania,,47521,856207666,,,0.00210433282127901,0,,,,2024,Supabase
CIV,Ivory Coast,Africa,,31165654,80780312569,23.959659576416016,14.052435874938965,4.3854594230651855,31.087,,,,2024,Supabase
BES,Caribbean Netherlands,Americas,,31980,,,0.1462640017271042,,,,,,2024,Supabase
LIE,Liechtenstein,Europe,,39846,8239379403,0.14212775230407715,0.1312209963798523,3.6842453479766846,,,,,2024,Supabase
ITA,Italy,Europe,,58984216,2316727999333,336.71826171875,312.2906494140625,6.179476737976074,44.577,,,,2024,Supabase
KNA,Saint Kitts and Nevis,Americas,,46758,1055651852,0.2851220965385437,0.2501470148563385,6.033127307891846,4.545,,,,2024,Supabase
QAT,Qatar,Asia,,2656032,217308516484,142.33860778808594,119.54435729980469,47.99644470214844,0.254,,,,2024,Supabase
TUR,Turkey,Asia,,85325965,1141242864657,580.6168212890625,486.944580078125,7.519928455352783,42.009,,0.375,0.42,2024,Supabase
VIR,United States Virgin Islands,Americas,,104917,4650016829,,,0.00190626876483315,2.985,,,,2024,Supabase
AGO,Angola,Africa,,36749906,107167747140,49.92201232910156,21.674816131591797,4.375890731811523,76.421,,,,2024,Supabase
KEN,Kenya,Africa,,55339003,107500884685,37.70582962036133,21.18572235107422,1.816469430923462,89.836,,,,2024,Supabase
SAU,Saudi Arabia,Asia,,33702731,1218584533333,789.1405639648438,677.44189453125,24.123931884765625,1.364,,0.412,0.48,2024,Supabase
SSD,South Sudan,Africa,,11483374,12403734115,6.049597263336182,1.6662909984588623,5.083556652069092,6.78,,,,2024,Supabase
TCA,Turks and Caicos Islands,Americas,,46198,1638653000,0.37227189540863037,0.3648270070552826,8.05417251586914,0,,,,2024,Supabase
CAN,Canada,Americas,,40083484,2173339670064,648.4931030273438,545.478515625,20.99415397644043,66.514,,0.31,0.685,2024,Supabase
NER,Niger,Africa,,26159867,16698786978,6.54838752746582,3.13339900970459,1.9657553434371948,2.5,,,,2024,Supabase
GIB,Gibraltar,Europe,,38471,,,,16.3551766265499,0,,,,2024,Supabase
KWT,Kuwait,Asia,,4853420,165384407116,163.00039672851562,123.16871643066406,33.80329895019531,2.232,,,,2024,Supabase
VEN,Venezuela,Americas,,28300854,102376526556,139.8105010986328,119.58776092529297,7.038132667541504,78.382,,,,2024,Supabase
GMB,Gambia,Africa,,2697845,2382262185,1.3895622491836548,0.7726349830627441,1.0973457098007202,0,,,,2024,Supabase
PRY,Paraguay,Americas,,6844146,43118053175,10.576542854309082,7.645687103271484,9.844616889953613,100,,,,2024,Supabase
CHL,Chile,Americas,,19658835,335518054098,94.48703002929688,77.60421752929688,5.403839111328125,64.401,,,,2024,Supabase
MKD,North Macedonia,Europe,,1827816,15855131189,8.416964530944824,7.338385105133057,4.897817134857178,32.272,,,,2024,Supabase
MAC,Macau,Asia,,678800,45626467280,1.1505308151245117,1.0428650379180908,1.6161671876907349,40.816,,,,2024,Supabase
ARM,Armenia,Asia,,2964300,24185982216,8.521516799926758,7.430227756500244,3.5346691608428955,27.977,,,,2024,Supabase
BWA,Botswana,Africa,,2480244,19411266967,10.211204528808594,7.248676776885986,8.668120384216309,0.386,,,,2024,Supabase
NPL,Nepal,Asia,,29694614,41047772331,25.91023826599121,18.347820281982422,1.9900327920913696,100,,,,2024,Supabase
STP,São Tomé and Príncipe,Africa,,230871,690456807,0.21368247270584106,0.13983799517154694,1.2928370237350464,11.111,,,,2024,Supabase
BEN,Benin,Africa,,14111034,19673291004,10.194464683532715,5.927823066711426,2.855956792831421,3,,,,2024,Supabase
SLB,Solomon Islands,Oceania,,800005,1506124566,0.5258491635322571,0.28176000714302063,4.295607566833496,9.091,,,,2024,Supabase
GIN,Guinea,Africa,,14405468,22407615556,9.115676879882812,3.8750269412994385,5.446195125579834,74.815,,,,2024,Supabase
MYT,Mayotte,Africa,,320901,,,,,,,,,2024,Supabase
GRL,Greenland,Americas,,56865,3326543974,,0.6089550256729126,10.2857645300273,87.037,,,,2024,Supabase
MCO,Monaco,Europe,,38956,10003892565,,,,,,,,2024,Supabase
PAK,Pakistan,Asia,,247504495,336686348609,250.32569885253906,186.8608856201172,1.913934350013733,29.192,,,,2024,Supabase
MYS,Malaysia,Asia,,35126298,399949418753,303.7167663574219,276.2967529296875,10.714271545410156,19.159,,,,2024,Supabase
UNK,Kosovo,Europe,,1585566,,,,,,,,,2024,Supabase
MDA,Moldova,Europe,,2457783,16711906746,7.0373148918151855,5.329302787780762,2.203063726425171,12.079,,,,2024,Supabase
TUV,Tuvalu,Oceania,,9816,62280312,0.012032798491418362,0.010940000414848328,1.96502685546875,,,,,2024,Supabase
SPM,Saint Pierre and Miquelon,Americas,,5819,,,0.05327500030398369,,0,,,,2024,Supabase
SEN,Senegal,Africa,,18077573,30696331296,17.714557647705078,14.081856727600098,1.9239916801452637,21.739,,,,2024,Supabase
PAN,Panama,Americas,,4458759,83812155244,14.908473014831543,13.002120971679688,4.828821182250977,61.772,,,,2024,Supabase
MLT,Malta,Europe,,552747,22610561526,1.8978005647659302,1.7680020332336426,3.6627652645111084,13.617,,,,2024,Supabase
UGA,Uganda,Africa,,48656601,48768955863,25.33517074584961,6.235860824584961,1.2818547487258911,97.391,,,,2024,Supabase
ALB,Albania,Europe,,2414095,23491242727,5.496903896331787,4.417333126068115,2.5053598880767822,100,,,,2024,Supabase
ARE,United Arab Emirates,Asia,,10483751,522622191967,247.633544921875,210.42510986328125,23.47967529296875,8.38,,,,2024,Supabase
CRI,Costa Rica,Americas,,5105525,86497941439,11.21774959564209,8.472529411315918,2.904000759124756,99.915,,,,2024,Supabase
BLM,Saint Barthélemy,Americas,,10562,,,,,,,,,2024,Supabase
SHN,"Saint Helena, Ascension and Tristan da Cunha",Africa,,5651,,0.01264885812997818,0.010970000177621841,2.700113534927368,0,,,,2024,Supabase
ISR,Israel,Asia,,9849000,512184638999,64.80078125,55.381996154785156,7.205275058746338,10.509,,,,2024,Supabase
AUT,Austria,Europe,,9131761,516670509629,62.41471862792969,56.90895462036133,7.578158378601074,84.713,,,,2024,Supabase
LAO,Laos,Asia,,7664993,15843155731,27.692384719848633,24.157068252563477,8.229655265808105,76.711,,,,2024,Supabase
FRA,France,Europe,,68372286,3056250648138,301.159912109375,270.2626647949219,5.194771766662598,26.471,,0.305,0.67,2024,Supabase
PNG,Papua New Guinea,Oceania,,10389635,30816367067,11.386286735534668,8.357749938964844,4.228689193725586,23.679,,,,2024,Supabase
DOM,Dominican Republic,Americas,,11331265,120456239154,37.4366455078125,31.828554153442383,4.170285224914551,17.264,,,,2024,Supabase
TON,Tonga,Oceania,,104597,591139749,0.19128607213497162,0.14586800336837769,2.631551504135132,14.286,,,,2024,Supabase
JAM,Jamaica,Americas,,2839786,21418804320,8.608062744140625,8.068915367126465,3.058194875717163,12.918,,,,2024,Supabase
BVT,Bouvet Island,Antarctic,,,,,,,,,,,2024,Supabase
SVK,Slovakia,Europe,,5426740,133578518424,37.448307037353516,30.76624298095703,4.3753814697265625,22.723,,,,2024,Supabase
KIR,Kiribati,Oceania,,132530,288610748,0.0971822440624237,0.0692870020866394,0.8077874779701233,25,,,,2024,Supabase
JOR,Jordan,Asia,,11439213,51088476338,29.19767951965332,23.119264602661133,2.6952643394470215,23.128,,,,2024,Supabase
MDV,Maldives,Asia,,525994,6621008704,2.4284496307373047,2.205333948135376,4.6186981201171875,7.059,,,,2024,Supabase
MNE,Montenegro,Europe,,623529,7644389160,2.834613800048828,2.406848907470703,2.0582244396209717,61.137,,,,2024,Supabase
JPN,Japan,Asia,,124516650,4213167237906,1011.5563354492188,986.91015625,8.29648208618164,22.062,,0.336,0.68,2024,Supabase
SLV,El Salvador,Americas,,6309624,33853940000,10.54825496673584,8.669881820678711,1.4912844896316528,90.615,,,,2024,Supabase
COL,Colombia,Americas,,52321152,366291836138,129.2628631591797,89.99234008789062,4.573222637176514,65.97,,,,2024,Supabase
ZWE,Zimbabwe,Africa,,16340822,35871779681,20.318185806274414,13.443294525146484,1.8988440036773682,67.509,,,,2024,Supabase
GNQ,Equatorial Guinea,Africa,,1847549,12337550584,9.871074676513672,6.913362979888916,6.392467975616455,31.21,,,,2024,Supabase
CHN,China,Asia,,1410710000,18270356654533,13532.3955078125,12172.0087890625,9.795129776000977,30.605,,0.385,0.445,2024,Supabase
HND,Honduras,Americas,,10644851,34355805528,16.858610153198242,12.404354095458984,3.156280994415283,61.571,,,,2024,Supabase
IMN,Isle of Man,Europe,,84165,7434172253,,,,,,,,2024,Supabase
COG,Republic of the Congo,Africa,,6182885,15321055823,23.608190536499023,8.274272918701172,6.909847259521484,20.696,,,,2024,Supabase
MMR,Myanmar,Asia,,54133798,66757619000,43.519718170166016,31.792970657348633,3.471250295639038,38.186,,,,2024,Supabase
GRC,Greece,Europe,,10407351,242946187738,59.59953689575195,51.988224029541016,5.464576721191406,49.724,,,,2024,Supabase
WSM,Samoa,Oceania,,216663,1044909500,0.28883323073387146,0.23484499752521515,0.9737231135368347,40,,,,2024,Supabase
FLK,Falkland Islands,Americas,,3662,,,,,0,,,,2024,Supabase
CAF,Central African Republic,Africa,,5152421,2555492086,3.006319999694824,0.38927900791168213,12.017012596130371,100,,,,2024,Supabase
ROU,Romania,Europe,,19061062,347757995759,84.7193374633789,67.86602020263672,4.752768516540527,49.798,,,,2024,Supabase
UMI,United States Minor Outlying Islands,Americas,,,,,,,,,,,2024,Supabase
TJK,Tajikistan,Asia,,10389799,12244169293,13.207660675048828,10.26428508758545,1.9924440383911133,92.593,,,,2024,Supabase
BHS,Bahamas,Americas,,399440,15271300000,3.3274128437042236,2.9561219215393066,8.386436462402344,0.976,,,,2024,Supabase
VAT,Vatican City,Europe,,882,,,,,,,,,2024,Supabase
BHR,Bahrain,Asia,,1577059,46192260638,62.87900924682617,38.78669357299805,40.08789825439453,0.249,,,,2024,Supabase
THA,Thailand,Asia,,71702435,515906283941,307.1758728027344,264.7336730957031,6.267803192138672,15.628,,,,2024,Supabase
SWE,Sweden,Europe,,10536632,578990915246,43.01963806152344,36.708595275878906,5.446230411529541,69.478,,,,2024,Supabase
VGB,British Virgin Islands,Americas,,38985,,0.19221264123916626,0.18538500368595123,5.168976783752441,0,,,,2024,Supabase
GGY,Guernsey,Europe,,64781,,,,,,,,,2024,Supabase
GTM,Guatemala,Americas,,18124838,104368755055,31.874759674072266,19.736068725585938,3.653320074081421,74.517,,,,2024,Supabase
SYR,Syria,Asia,,23594623,24813792465,35.668312072753906,31.673643112182617,1.6567572355270386,4.382,,,,2024,Supabase
TKM,Turkmenistan,Asia,,7364438,45894538666,112.81452178955078,95.42076873779297,18.0184326171875,0.03,,,,2024,Supabase
NGA,Nigeria,Sub-Saharan Africa,Lower middle income,227882945,487387801881,293.14453125,129.3760986328125,1.710859775543213,22.889,,0.481085,0.252553,2024,Supabase
KOR,South Korea,East Asia & Pacific,High income,51712619,1844800934392,624.1875610351562,589.178466796875,12.230706214904785,9.019,,0.357,0.722,2023,Supabase
USA,United States,North America,High income,336806231,27292170793214,5606.2431640625,4918.40673828125,17.696815490722656,22.679,,0.312019,0.647313,2024,Supabase
DEU,Germany,Europe & Central Asia,High income,83287273,4562207532490,629.89892578125,593.7659912109375,8.084842681884766,53.29,,0.301489,0.681611,2024,Supabase
BRA,Brazil,Latin America & Caribbean,Upper middle income,211140729,2191131869706,679.5128784179688,483.991943359375,13.345686912536621,88.941,,0.36852,0.350466,2024,Supabase
BGD,Bangladesh,South Asia,Lower middle income,171466990,437415333018,132.20547485351562,104.52667236328125,1.3688856363296509,1.62,,0.568383,0.279308,2024,Supabase